"","n","date","vcrix"
"1","1",2016-06-29,1000
"2","2",2016-06-30,994.856725208076
"3","3",2016-07-01,994.856725208076
"4","4",2016-07-02,987.090218897218
"5","5",2016-07-03,978.249238524084
"6","6",2016-07-04,969.024845471485
"7","7",2016-07-05,963.158685580139
"8","8",2016-07-06,964.70065605244
"9","9",2016-07-07,959.007908561849
"10","10",2016-07-08,987.068708900514
"11","11",2016-07-09,1001.5729945762
"12","12",2016-07-10,1001.70355534133
"13","13",2016-07-11,999.358287388989
"14","14",2016-07-12,991.934185757586
"15","15",2016-07-13,882.795722715426
"16","16",2016-07-14,856.314939422039
"17","17",2016-07-15,857.212268661674
"18","18",2016-07-16,857.744390707372
"19","19",2016-07-17,755.357351345474
"20","20",2016-07-18,741.350634137175
"21","21",2016-07-19,740.190383276457
"22","22",2016-07-20,739.64105462285
"23","23",2016-07-21,728.661968059232
"24","24",2016-07-22,659.921846714716
"25","25",2016-07-23,520.516971821602
"26","26",2016-07-24,489.976148199356
"27","27",2016-07-25,447.459501576095
"28","28",2016-07-26,446.900530102787
"29","29",2016-07-27,411.58248725738
"30","30",2016-07-28,397.742517006386
"31","31",2016-07-29,401.310184968683
"32","32",2016-07-30,408.211733328574
"33","33",2016-07-31,367.172290079048
"34","34",2016-08-01,367.172290079048
"35","35",2016-08-02,378.884406973603
"36","36",2016-08-03,715.554331627601
"37","37",2016-08-04,811.186277036304
"38","38",2016-08-05,776.721756210228
"39","39",2016-08-06,756.988287909541
"40","40",2016-08-07,725.958975492555
"41","41",2016-08-08,698.88460232332
"42","42",2016-08-09,692.620166814419
"43","43",2016-08-10,693.475258589992
"44","44",2016-08-11,697.22033914435
"45","45",2016-08-12,686.70687915293
"46","46",2016-08-13,686.650000072971
"47","47",2016-08-14,687.657095843565
"48","48",2016-08-15,691.640743508495
"49","49",2016-08-16,691.065467935489
"50","50",2016-08-17,689.049474599278
"51","51",2016-08-18,690.859755636165
"52","52",2016-08-19,692.899676820699
"53","53",2016-08-20,694.176351989846
"54","54",2016-08-21,696.307254319727
"55","55",2016-08-22,692.377675674098
"56","56",2016-08-23,691.924125971206
"57","57",2016-08-24,691.062796479651
"58","58",2016-08-25,690.415999113179
"59","59",2016-08-26,686.751969928599
"60","60",2016-08-27,684.592322388649
"61","61",2016-08-28,684.232759104436
"62","62",2016-08-29,683.260795442175
"63","63",2016-08-30,681.514943727321
"64","64",2016-08-31,664.114062708987
"65","65",2016-09-01,664.114062708987
"66","66",2016-09-02,353.287468850262
"67","67",2016-09-03,99.4171570882245
"68","68",2016-09-04,162.364414703869
"69","69",2016-09-05,193.848833266505
"70","70",2016-09-06,203.765614344006
"71","71",2016-09-07,219.555109290566
"72","72",2016-09-08,233.214400172058
"73","73",2016-09-09,240.467007681878
"74","74",2016-09-10,234.152522840062
"75","75",2016-09-11,224.536920316782
"76","76",2016-09-12,258.70415670101
"77","77",2016-09-13,255.306060721522
"78","78",2016-09-14,232.791700050982
"79","79",2016-09-15,225.479170536717
"80","80",2016-09-16,223.188391411069
"81","81",2016-09-17,220.501463367531
"82","82",2016-09-18,220.483023670175
"83","83",2016-09-19,220.23531748067
"84","84",2016-09-20,208.078162094384
"85","85",2016-09-21,198.494676395185
"86","86",2016-09-22,218.381138495625
"87","87",2016-09-23,214.693069851942
"88","88",2016-09-24,215.701892457527
"89","89",2016-09-25,212.642690654526
"90","90",2016-09-26,210.952208426549
"91","91",2016-09-27,198.622824399775
"92","92",2016-09-28,196.989014047651
"93","93",2016-09-29,193.391768694686
"94","94",2016-09-30,194.021183529906
"95","95",2016-10-01,194.021183529906
"96","96",2016-10-02,206.496369553842
"97","97",2016-10-03,210.731934003865
"98","98",2016-10-04,178.540952056197
"99","99",2016-10-05,169.111753951179
"100","100",2016-10-06,168.222876462947
"101","101",2016-10-07,167.33508216003
"102","102",2016-10-08,168.06213897789
"103","103",2016-10-09,160.605408817894
"104","104",2016-10-10,160.794276252984
"105","105",2016-10-11,158.97012902965
"106","106",2016-10-12,168.535548793642
"107","107",2016-10-13,170.960938244537
"108","108",2016-10-14,170.724609654247
"109","109",2016-10-15,171.288892801455
"110","110",2016-10-16,171.699018953815
"111","111",2016-10-17,171.317251995844
"112","112",2016-10-18,171.597036815313
"113","113",2016-10-19,171.269086461285
"114","114",2016-10-20,176.517042160338
"115","115",2016-10-21,174.390139058425
"116","116",2016-10-22,151.717340904784
"117","117",2016-10-23,178.783114953198
"118","118",2016-10-24,175.295608626226
"119","119",2016-10-25,174.813902786341
"120","120",2016-10-26,174.447479712956
"121","121",2016-10-27,194.896361173768
"122","122",2016-10-28,195.158568631617
"123","123",2016-10-29,192.99673094483
"124","124",2016-10-30,198.181302020419
"125","125",2016-10-31,193.108178447057
"126","126",2016-11-01,193.108178447057
"127","127",2016-11-02,246.600175019591
"128","128",2016-11-03,247.465391202008
"129","129",2016-11-04,361.487826089004
"130","130",2016-11-05,359.987840433799
"131","131",2016-11-06,352.931046484983
"132","132",2016-11-07,349.960417008572
"133","133",2016-11-08,348.195081478147
"134","134",2016-11-09,343.983546869215
"135","135",2016-11-10,342.998467153975
"136","136",2016-11-11,321.418790169454
"137","137",2016-11-12,320.670452542106
"138","138",2016-11-13,331.69922668917
"139","139",2016-11-14,331.593625508251
"140","140",2016-11-15,331.1297204425
"141","141",2016-11-16,332.05616310148
"142","142",2016-11-17,349.160650449345
"143","143",2016-11-18,349.695581296261
"144","144",2016-11-19,343.988459585234
"145","145",2016-11-20,343.593425116197
"146","146",2016-11-21,362.475607246715
"147","147",2016-11-22,349.346335183993
"148","148",2016-11-23,350.892418735898
"149","149",2016-11-24,352.653206838899
"150","150",2016-11-25,354.384945285575
"151","151",2016-11-26,341.039992183548
"152","152",2016-11-27,340.117750247524
"153","153",2016-11-28,341.095787606237
"154","154",2016-11-29,330.923468598397
"155","155",2016-11-30,326.419156564723
"156","156",2016-12-01,326.419156564723
"157","157",2016-12-02,301.685404256942
"158","158",2016-12-03,307.17405343337
"159","159",2016-12-04,215.642192793423
"160","160",2016-12-05,204.585823843906
"161","161",2016-12-06,221.450436319766
"162","162",2016-12-07,223.724699735564
"163","163",2016-12-08,223.780408022858
"164","164",2016-12-09,225.348209775879
"165","165",2016-12-10,222.816764240802
"166","166",2016-12-11,220.667342969474
"167","167",2016-12-12,223.573823517056
"168","168",2016-12-13,216.778281363291
"169","169",2016-12-14,218.089899556176
"170","170",2016-12-15,219.998588921637
"171","171",2016-12-16,220.408928645584
"172","172",2016-12-17,195.436085844129
"173","173",2016-12-18,196.911830063673
"174","174",2016-12-19,195.906412232889
"175","175",2016-12-20,196.501477614001
"176","176",2016-12-21,173.970435965908
"177","177",2016-12-22,197.079015945429
"178","178",2016-12-23,219.042386645842
"179","179",2016-12-24,286.846800528102
"180","180",2016-12-25,303.045075381175
"181","181",2016-12-26,302.401462354828
"182","182",2016-12-27,299.694035056263
"183","183",2016-12-28,305.281199449417
"184","184",2016-12-29,337.005407840756
"185","185",2016-12-30,335.852342662187
"186","186",2016-12-31,340.759637858101
"187","187",2017-01-01,340.759637858101
"188","188",2017-01-02,347.556717025964
"189","189",2017-01-03,345.987729522172
"190","190",2017-01-04,345.424162375403
"191","191",2017-01-05,417.008076825234
"192","192",2017-01-06,729.921736480072
"193","193",2017-01-07,832.908059780527
"194","194",2017-01-08,769.225938953781
"195","195",2017-01-09,744.569216804359
"196","196",2017-01-10,729.041827329803
"197","197",2017-01-11,716.345430807352
"198","198",2017-01-12,919.796059999777
"199","199",2017-01-13,905.554482659786
"200","200",2017-01-14,896.966967797414
"201","201",2017-01-15,886.143220279535
"202","202",2017-01-16,876.985925195797
"203","203",2017-01-17,869.282586499516
"204","204",2017-01-18,917.61381722205
"205","205",2017-01-19,918.459258368927
"206","206",2017-01-20,915.090074308179
"207","207",2017-01-21,904.432652384686
"208","208",2017-01-22,900.379583681814
"209","209",2017-01-23,873.324133900296
"210","210",2017-01-24,868.807224824606
"211","211",2017-01-25,880.214114711801
"212","212",2017-01-26,881.211825712024
"213","213",2017-01-27,880.874043149133
"214","214",2017-01-28,861.726837517455
"215","215",2017-01-29,864.535025622477
"216","216",2017-01-30,866.947169430832
"217","217",2017-01-31,870.195597981705
"218","218",2017-02-01,870.195597981705
"219","219",2017-02-02,871.112520313794
"220","220",2017-02-03,872.077522982278
"221","221",2017-02-04,807.627248776518
"222","222",2017-02-05,673.842327212889
"223","223",2017-02-06,586.523020038208
"224","224",2017-02-07,593.726710603014
"225","225",2017-02-08,601.496606308099
"226","226",2017-02-09,604.049570428777
"227","227",2017-02-10,661.320737736868
"228","228",2017-02-11,439.517049073173
"229","229",2017-02-12,441.676207013222
"230","230",2017-02-13,443.42196199163
"231","231",2017-02-14,445.914350096609
"232","232",2017-02-15,452.0157523307
"233","233",2017-02-16,455.318201113349
"234","234",2017-02-17,378.09152470341
"235","235",2017-02-18,364.8854248656
"236","236",2017-02-19,363.545040838009
"237","237",2017-02-20,365.367974297773
"238","238",2017-02-21,363.232160514798
"239","239",2017-02-22,375.320622296017
"240","240",2017-02-23,377.915568619378
"241","241",2017-02-24,382.407729390565
"242","242",2017-02-25,389.452758260364
"243","243",2017-02-26,403.505327678912
"244","244",2017-02-27,412.354477406884
"245","245",2017-02-28,416.877777661951
"246","246",2017-03-01,416.877777661951
"247","247",2017-03-02,429.751635669921
"248","248",2017-03-03,428.029316782973
"249","249",2017-03-04,438.246453802525
"250","250",2017-03-05,455.95638820247
"251","251",2017-03-06,462.302697190947
"252","252",2017-03-07,446.31702586902
"253","253",2017-03-08,460.459226158731
"254","254",2017-03-09,513.88730315041
"255","255",2017-03-10,525.728526951865
"256","256",2017-03-11,567.771954884869
"257","257",2017-03-12,579.634034929015
"258","258",2017-03-13,590.867437763638
"259","259",2017-03-14,600.569703164692
"260","260",2017-03-15,603.955446104029
"261","261",2017-03-16,607.659194223488
"262","262",2017-03-17,611.026404363826
"263","263",2017-03-18,668.142964904592
"264","264",2017-03-19,778.504206289439
"265","265",2017-03-20,850.317437183991
"266","266",2017-03-21,856.965816434875
"267","267",2017-03-22,877.843270301354
"268","268",2017-03-23,902.818218107494
"269","269",2017-03-24,903.740192729869
"270","270",2017-03-25,915.041116061853
"271","271",2017-03-26,898.772491886837
"272","272",2017-03-27,894.975946091643
"273","273",2017-03-28,906.618654545309
"274","274",2017-03-29,899.816764176458
"275","275",2017-03-30,894.665484692947
"276","276",2017-03-31,890.338479520123
"277","277",2017-04-01,890.338479520123
"278","278",2017-04-02,879.794208346751
"279","279",2017-04-03,884.978592443658
"280","280",2017-04-04,880.273799170196
"281","281",2017-04-05,878.205007461783
"282","282",2017-04-06,883.302491918533
"283","283",2017-04-07,876.766982899852
"284","284",2017-04-08,839.84799949892
"285","285",2017-04-09,830.270268624446
"286","286",2017-04-10,795.727486081538
"287","287",2017-04-11,753.346515352189
"288","288",2017-04-12,746.710869249875
"289","289",2017-04-13,740.107007102568
"290","290",2017-04-14,741.615273554166
"291","291",2017-04-15,734.177680472191
"292","292",2017-04-16,733.02056913403
"293","293",2017-04-17,670.545841536349
"294","294",2017-04-18,490.303677911351
"295","295",2017-04-19,372.712431072717
"296","296",2017-04-20,390.368045415373
"297","297",2017-04-21,361.833966683325
"298","298",2017-04-22,300.196668291161
"299","299",2017-04-23,304.605213792096
"300","300",2017-04-24,274.234273081918
"301","301",2017-04-25,278.322909682704
"302","302",2017-04-26,274.984271167803
"303","303",2017-04-27,229.001206961414
"304","304",2017-04-28,285.012468004239
"305","305",2017-04-29,301.903045310773
"306","306",2017-04-30,306.148201069615
"307","307",2017-05-01,306.148201069615
"308","308",2017-05-02,312.099000176895
"309","309",2017-05-03,287.241335737468
"310","310",2017-05-04,291.899058893882
"311","311",2017-05-05,339.814600190101
"312","312",2017-05-06,343.7558167046
"313","313",2017-05-07,358.866401963479
"314","314",2017-05-08,355.845422330411
"315","315",2017-05-09,415.766789558547
"316","316",2017-05-10,423.846998824816
"317","317",2017-05-11,433.771841167599
"318","318",2017-05-12,433.411269540051
"319","319",2017-05-13,457.524559105392
"320","320",2017-05-14,443.048037543084
"321","321",2017-05-15,436.692333375421
"322","322",2017-05-16,435.814667353454
"323","323",2017-05-17,442.664306899233
"324","324",2017-05-18,476.509376649857
"325","325",2017-05-19,473.048112550859
"326","326",2017-05-20,462.493270139563
"327","327",2017-05-21,460.5195300602
"328","328",2017-05-22,449.918385538499
"329","329",2017-05-23,441.806163207352
"330","330",2017-05-24,477.395984178639
"331","331",2017-05-25,470.540299647405
"332","332",2017-05-26,593.530872331976
"333","333",2017-05-27,635.599274947816
"334","334",2017-05-28,753.352484263082
"335","335",2017-05-29,762.638119452984
"336","336",2017-05-30,761.348469666117
"337","337",2017-05-31,758.561952431414
"338","338",2017-06-01,758.561952431414
"339","339",2017-06-02,762.556075636664
"340","340",2017-06-03,758.011024997179
"341","341",2017-06-04,748.251699123084
"342","342",2017-06-05,745.551412425821
"343","343",2017-06-06,742.023788503882
"344","344",2017-06-07,747.21804475944
"345","345",2017-06-08,764.478889470615
"346","346",2017-06-09,756.745714541421
"347","347",2017-06-10,752.33845056871
"348","348",2017-06-11,764.499800310314
"349","349",2017-06-12,746.858856863681
"350","350",2017-06-13,755.05609632971
"351","351",2017-06-14,753.215758804703
"352","352",2017-06-15,827.52682043898
"353","353",2017-06-16,829.434581987804
"354","354",2017-06-17,813.915733741956
"355","355",2017-06-18,831.854474705367
"356","356",2017-06-19,834.570412996947
"357","357",2017-06-20,831.982691850756
"358","358",2017-06-21,834.108142924472
"359","359",2017-06-22,866.925052038519
"360","360",2017-06-23,826.139294183142
"361","361",2017-06-24,813.891568657714
"362","362",2017-06-25,790.853665865177
"363","363",2017-06-26,789.22209789968
"364","364",2017-06-27,758.428479759782
"365","365",2017-06-28,732.91156188532
"366","366",2017-06-29,735.264828474259
"367","367",2017-06-30,747.069266566015
"368","368",2017-07-01,747.069266566015
"369","369",2017-07-02,737.950779372652
"370","370",2017-07-03,757.159395362609
"371","371",2017-07-04,756.165706224987
"372","372",2017-07-05,748.768609116428
"373","373",2017-07-06,738.803124016177
"374","374",2017-07-07,716.953310224213
"375","375",2017-07-08,729.270374210284
"376","376",2017-07-09,725.481790822355
"377","377",2017-07-10,726.35797119519
"378","378",2017-07-11,749.456741436907
"379","379",2017-07-12,740.44595591876
"380","380",2017-07-13,793.467949769001
"381","381",2017-07-14,793.81137759845
"382","382",2017-07-15,766.116479660137
"383","383",2017-07-16,835.104940324671
"384","384",2017-07-17,846.643142310863
"385","385",2017-07-18,993.337792473028
"386","386",2017-07-19,1059.12008872078
"387","387",2017-07-20,1058.84064115866
"388","388",2017-07-21,1234.99085234475
"389","389",2017-07-22,1186.8183183637
"390","390",2017-07-23,1196.45159634324
"391","391",2017-07-24,1174.73165127422
"392","392",2017-07-25,1167.02438686278
"393","393",2017-07-26,1194.42185856364
"394","394",2017-07-27,1175.08872159024
"395","395",2017-07-28,1177.27512505676
"396","396",2017-07-29,1156.56735668822
"397","397",2017-07-30,1154.91076716653
"398","398",2017-07-31,1152.31452982986
"399","399",2017-08-01,1152.31452982986
"400","400",2017-08-02,1141.15315857368
"401","401",2017-08-03,1143.52519000798
"402","402",2017-08-04,1150.83159003724
"403","403",2017-08-05,1152.67812661951
"404","404",2017-08-06,1233.67248365747
"405","405",2017-08-07,1204.14059195729
"406","406",2017-08-08,1208.34567638828
"407","407",2017-08-09,1208.59289985082
"408","408",2017-08-10,1147.74909638216
"409","409",2017-08-11,1133.2046833095
"410","410",2017-08-12,1120.37143951038
"411","411",2017-08-13,1114.71874934482
"412","412",2017-08-14,1091.97030476789
"413","413",2017-08-15,989.27671261274
"414","414",2017-08-16,936.957527340382
"415","415",2017-08-17,814.823475944654
"416","416",2017-08-18,781.413061489446
"417","417",2017-08-19,761.538157150686
"418","418",2017-08-20,542.973862333355
"419","419",2017-08-21,559.614505189866
"420","420",2017-08-22,554.390574232734
"421","421",2017-08-23,558.851795168497
"422","422",2017-08-24,571.394408325961
"423","423",2017-08-25,477.696211783206
"424","424",2017-08-26,470.92028836374
"425","425",2017-08-27,478.092140510665
"426","426",2017-08-28,485.015904010196
"427","427",2017-08-29,489.497331296349
"428","428",2017-08-30,489.303335762573
"429","429",2017-08-31,492.303205921534
"430","430",2017-09-01,492.303205921534
"431","431",2017-09-02,481.851213974929
"432","432",2017-09-03,607.286752843122
"433","433",2017-09-04,607.014519680313
"434","434",2017-09-05,626.071890766975
"435","435",2017-09-06,637.705583208719
"436","436",2017-09-07,645.940417530365
"437","437",2017-09-08,639.959161195616
"438","438",2017-09-09,689.476926223704
"439","439",2017-09-10,691.985003807417
"440","440",2017-09-11,680.760332564604
"441","441",2017-09-12,670.648557756935
"442","442",2017-09-13,668.434201937813
"443","443",2017-09-14,711.872820191883
"444","444",2017-09-15,972.000673383613
"445","445",2017-09-16,1095.57321296242
"446","446",2017-09-17,1081.53312779678
"447","447",2017-09-18,1071.80129109397
"448","448",2017-09-19,1124.26859732579
"449","449",2017-09-20,1134.02286706033
"450","450",2017-09-21,1127.03454989427
"451","451",2017-09-22,1145.65266287404
"452","452",2017-09-23,1137.63246671221
"453","453",2017-09-24,1147.55668120466
"454","454",2017-09-25,1144.3928396714
"455","455",2017-09-26,1159.1183829551
"456","456",2017-09-27,1154.83035587907
"457","457",2017-09-28,1177.37888228304
"458","458",2017-09-29,1165.94074361096
"459","459",2017-09-30,1154.36608081569
"460","460",2017-10-01,1154.36608081569
"461","461",2017-10-02,1145.7910126311
"462","462",2017-10-03,1110.36390644196
"463","463",2017-10-04,1106.48991494588
"464","464",2017-10-05,1053.65626110466
"465","465",2017-10-06,1044.59376158967
"466","466",2017-10-07,1029.75339384238
"467","467",2017-10-08,1026.31657449722
"468","468",2017-10-09,1005.73806888318
"469","469",2017-10-10,1001.68836102221
"470","470",2017-10-11,995.615930478145
"471","471",2017-10-12,992.298518069428
"472","472",2017-10-13,1022.55910014307
"473","473",2017-10-14,1002.27891317247
"474","474",2017-10-15,772.018321474318
"475","475",2017-10-16,659.648380390065
"476","476",2017-10-17,658.025052182224
"477","477",2017-10-18,675.941829862744
"478","478",2017-10-19,610.082551360647
"479","479",2017-10-20,580.142476021568
"480","480",2017-10-21,579.292661494428
"481","481",2017-10-22,513.593479412994
"482","482",2017-10-23,519.230070269655
"483","483",2017-10-24,516.647410378877
"484","484",2017-10-25,526.433069185299
"485","485",2017-10-26,507.774931692732
"486","486",2017-10-27,507.757796911506
"487","487",2017-10-28,466.690747520345
"488","488",2017-10-29,468.713718556838
"489","489",2017-10-30,490.795026373251
"490","490",2017-10-31,485.833669293341
"491","491",2017-11-01,485.833669293341
"492","492",2017-11-02,482.073617985452
"493","493",2017-11-03,479.524565074507
"494","494",2017-11-04,479.741185713796
"495","495",2017-11-05,482.262644422278
"496","496",2017-11-06,487.408932472567
"497","497",2017-11-07,521.083980387075
"498","498",2017-11-08,518.884110140277
"499","499",2017-11-09,537.808338132949
"500","500",2017-11-10,550.692705880318
"501","501",2017-11-11,633.450203217684
"502","502",2017-11-12,587.762490911163
"503","503",2017-11-13,595.61924612238
"504","504",2017-11-14,631.089836981011
"505","505",2017-11-15,630.723304258488
"506","506",2017-11-16,656.931522629302
"507","507",2017-11-17,663.093699811625
"508","508",2017-11-18,662.428523223675
"509","509",2017-11-19,662.599497687155
"510","510",2017-11-20,660.971536653641
"511","511",2017-11-21,661.63290969345
"512","512",2017-11-22,662.685004297592
"513","513",2017-11-23,655.529594750271
"514","514",2017-11-24,638.170244930784
"515","515",2017-11-25,643.441636713652
"516","516",2017-11-26,651.315029290252
"517","517",2017-11-27,656.085715276139
"518","518",2017-11-28,652.450746705963
"519","519",2017-11-29,639.695009541974
"520","520",2017-11-30,650.114744747509
"521","521",2017-12-01,650.114744747509
"522","522",2017-12-02,675.41137274648
"523","523",2017-12-03,674.926028500843
"524","524",2017-12-04,673.21194012923
"525","525",2017-12-05,673.617970348012
"526","526",2017-12-06,671.46725169637
"527","527",2017-12-07,683.917550299644
"528","528",2017-12-08,717.30920582083
"529","529",2017-12-09,710.909558846829
"530","530",2017-12-10,732.644680364354
"531","531",2017-12-11,666.419083812707
"532","532",2017-12-12,703.579546995864
"533","533",2017-12-13,673.858336480381
"534","534",2017-12-14,677.206232086037
"535","535",2017-12-15,679.962815168916
"536","536",2017-12-16,674.388083632446
"537","537",2017-12-17,673.269168519847
"538","538",2017-12-18,674.294570098931
"539","539",2017-12-19,672.424696306224
"540","540",2017-12-20,679.61077395516
"541","541",2017-12-21,691.867685075861
"542","542",2017-12-22,718.190438417879
"543","543",2017-12-23,894.842329084171
"544","544",2017-12-24,903.960870272948
"545","545",2017-12-25,933.975303148897
"546","546",2017-12-26,926.194892249718
"547","547",2017-12-27,964.839709785135
"548","548",2017-12-28,973.835321477109
"549","549",2017-12-29,998.120643362885
"550","550",2017-12-30,985.771080820695
"551","551",2017-12-31,1085.13983375743
"552","552",2018-01-01,1085.13983375743
"553","553",2018-01-02,1087.61695344003
"554","554",2018-01-03,1123.18801119916
"555","555",2018-01-04,1126.13865715303
"556","556",2018-01-05,1126.31704566437
"557","557",2018-01-06,1105.80659707839
"558","558",2018-01-07,1071.20459467467
"559","559",2018-01-08,1070.34329122556
"560","560",2018-01-09,1076.04065707244
"561","561",2018-01-10,1074.68004083054
"562","562",2018-01-11,999.317901231258
"563","563",2018-01-12,1049.24933520633
"564","564",2018-01-13,1065.1930440501
"565","565",2018-01-14,1068.30142575945
"566","566",2018-01-15,1074.34871769023
"567","567",2018-01-16,1050.60193787342
"568","568",2018-01-17,1271.34937521194
"569","569",2018-01-18,1248.96951133311
"570","570",2018-01-19,1245.9221863972
"571","571",2018-01-20,1246.81424124326
"572","572",2018-01-21,1282.52560686774
"573","573",2018-01-22,1251.01497784588
"574","574",2018-01-23,1244.67148146026
"575","575",2018-01-24,1235.99273525402
"576","576",2018-01-25,1246.95870155119
"577","577",2018-01-26,1193.27096316913
"578","578",2018-01-27,1191.19728655848
"579","579",2018-01-28,1187.62534763134
"580","580",2018-01-29,1199.85685755896
"581","581",2018-01-30,1144.57380278111
"582","582",2018-01-31,1150.12514926545
"583","583",2018-02-01,1150.12514926545
"584","584",2018-02-02,1144.68857544872
"585","585",2018-02-03,1135.24500811348
"586","586",2018-02-04,1156.69316952651
"587","587",2018-02-05,1191.88397063194
"588","588",2018-02-06,1289.65194946689
"589","589",2018-02-07,1371.6787856958
"590","590",2018-02-08,1357.81374764568
"591","591",2018-02-09,1411.32812920299
"592","592",2018-02-10,1429.16243491353
"593","593",2018-02-11,1388.77609085889
"594","594",2018-02-12,1366.71629945824
"595","595",2018-02-13,1387.88184013513
"596","596",2018-02-14,1386.42340069228
"597","597",2018-02-15,1444.59161731392
"598","598",2018-02-16,1298.90781999693
"599","599",2018-02-17,1304.89443785414
"600","600",2018-02-18,1323.65404746818
"601","601",2018-02-19,1339.23241968391
"602","602",2018-02-20,1313.78425589266
"603","603",2018-02-21,1279.68027472244
"604","604",2018-02-22,1286.83971512808
"605","605",2018-02-23,1299.001733305
"606","606",2018-02-24,1295.85317369891
"607","607",2018-02-25,1301.24246229465
"608","608",2018-02-26,1303.45231293698
"609","609",2018-02-27,1312.60317856218
"610","610",2018-02-28,1296.48977179774
"611","611",2018-03-01,1296.48977179774
"612","612",2018-03-02,1265.77753007566
"613","613",2018-03-03,1264.37474445953
"614","614",2018-03-04,1213.29997209287
"615","615",2018-03-05,1197.10107571181
"616","616",2018-03-06,1189.97116573662
"617","617",2018-03-07,1109.83819738429
"618","618",2018-03-08,939.531481455313
"619","619",2018-03-09,906.797195944005
"620","620",2018-03-10,913.173126456105
"621","621",2018-03-11,875.401698587334
"622","622",2018-03-12,890.40054383787
"623","623",2018-03-13,908.611124575672
"624","624",2018-03-14,891.981542782775
"625","625",2018-03-15,931.883140672429
"626","626",2018-03-16,925.544282052847
"627","627",2018-03-19,836.372793000961
"628","628",2018-03-20,827.102389151736
"629","629",2018-03-21,873.701008918574
"630","630",2018-03-22,835.938298556201
"631","631",2018-03-23,819.345773997464
"632","632",2018-03-26,787.508509847343
"633","633",2018-03-27,838.407882968075
"634","634",2018-03-28,819.458383673197
"635","635",2018-03-29,806.4591370762
"636","636",2018-03-30,819.880039555444
"637","637",2018-04-02,842.349053680684
"638","638",2018-04-03,850.176499259662
"639","639",2018-04-04,871.908662083476
"640","640",2018-04-05,894.799150026802
"641","641",2018-04-06,897.453007459545
"642","642",2018-04-09,864.750250241579
"643","643",2018-04-10,872.755425127594
"644","644",2018-04-11,877.464835684735
"645","645",2018-04-12,880.756386284326
"646","646",2018-04-13,984.172603022072
"647","647",2018-04-16,1015.23434128004
"648","648",2018-04-17,981.124232724915
"649","649",2018-04-18,957.941723361589
"650","650",2018-04-19,968.850287166934
"651","651",2018-04-20,965.314210743507
"652","652",2018-04-23,956.903792710454
"653","653",2018-04-24,957.737194103371
"654","654",2018-04-25,996.747726189399
"655","655",2018-04-26,956.466045087035
"656","656",2018-04-27,955.575264497135
"657","657",2018-04-30,957.509254583177
"658","658",2018-05-01,957.509254583177
"659","659",2018-05-02,940.220442016803
"660","660",2018-05-03,940.548582313818
"661","661",2018-05-04,945.34653503129
"662","662",2018-05-07,943.966006777974
"663","663",2018-05-08,883.758442852949
"664","664",2018-05-09,887.378222954878
"665","665",2018-05-10,886.451462884845
"666","666",2018-05-11,836.181326051609
"667","667",2018-05-14,839.645635230872
"668","668",2018-05-15,843.536613950754
"669","669",2018-05-16,836.249293034547
"670","670",2018-05-17,791.953219380007
"671","671",2018-05-18,794.848687274429
"672","672",2018-05-21,787.103388513001
"673","673",2018-05-22,789.664056629016
"674","674",2018-05-23,800.478258695027
"675","675",2018-05-24,867.546758370977
"676","676",2018-05-25,811.072236013262
"677","677",2018-05-28,785.990491522072
"678","678",2018-05-29,790.535159682687
"679","679",2018-05-30,803.441411166553
"680","680",2018-05-31,795.79328552314
"681","681",2018-06-01,795.79328552314
"682","682",2018-06-04,766.574329569637
"683","683",2018-06-05,754.535457620173
"684","684",2018-06-06,693.575831457845
"685","685",2018-06-07,647.870111790171
"686","686",2018-06-08,652.858756271433
"687","687",2018-06-11,629.932352276875
"688","688",2018-06-12,775.150078485598
"689","689",2018-06-13,785.570301776123
"690","690",2018-06-14,775.689777773893
"691","691",2018-06-15,795.300959185767
"692","692",2018-06-18,790.810515218422
"693","693",2018-06-19,801.907003691195
"694","694",2018-06-20,806.661876186893
"695","695",2018-06-21,804.101713482044
"696","696",2018-06-22,803.584954244399
"697","697",2018-06-25,825.562411830976
"698","698",2018-06-26,811.698677125022
"699","699",2018-06-27,812.198727212839
"700","700",2018-06-28,811.329934035814
"701","701",2018-06-29,811.604810460099
"702","702",2018-07-02,813.943487112842
"703","703",2018-07-03,951.671170078897
"704","704",2018-07-04,949.914249064667
"705","705",2018-07-05,911.267300101591
"706","706",2018-07-06,914.094354301228
"707","707",2018-07-09,914.666740933174
"708","708",2018-07-10,907.723140411861
"709","709",2018-07-11,911.080143179505
"710","710",2018-07-12,905.194787498302
"711","711",2018-07-13,889.927270005222
"712","712",2018-07-16,888.460315256544
"713","713",2018-07-17,933.440930801654
"714","714",2018-07-18,957.393421367668
"715","715",2018-07-19,958.616012428164
"716","716",2018-07-20,955.074005008645
"717","717",2018-07-23,957.6163497848
"718","718",2018-07-24,863.05748591676
"719","719",2018-07-25,865.415078431309
"720","720",2018-07-26,850.490389531695
"721","721",2018-07-27,814.93646402093
"722","722",2018-07-30,807.563265393191
"723","723",2018-07-31,806.432812930208
"724","724",2018-08-01,806.432812930208
"725","725",2018-08-02,807.956889500131
"726","726",2018-08-03,808.427805315498
"727","727",2018-08-06,759.94601410202
"728","728",2018-08-07,771.609221472844
"729","729",2018-08-08,766.385547947579
"730","730",2018-08-09,828.075529116651
"731","731",2018-08-10,830.363157926691
"732","732",2018-08-13,821.456326425355
"733","733",2018-08-14,738.277992278766
"734","734",2018-08-15,748.358524739425
"735","735",2018-08-16,769.243290494569
"736","736",2018-08-17,770.281712092624
"737","737",2018-08-20,777.021385044856
"738","738",2018-08-21,774.902533826796
"739","739",2018-08-22,755.853094495106
"740","740",2018-08-23,757.801919430153
"741","741",2018-08-24,757.299061993841
"742","742",2018-08-27,764.781118933707
"743","743",2018-08-28,710.182542985706
"744","744",2018-08-29,697.594984508237
"745","745",2018-08-30,700.843305659942
"746","746",2018-08-31,706.450251800397
"747","747",2018-09-03,716.347890376685
"748","748",2018-09-04,708.024920544307
"749","749",2018-09-05,674.186374207649
"750","750",2018-09-06,726.800153551771
"751","751",2018-09-07,739.015547738878
"752","752",2018-09-10,740.196759091798
"753","753",2018-09-11,746.190161035884
"754","754",2018-09-12,741.628595726701
"755","755",2018-09-13,743.824139613037
"756","756",2018-09-14,765.221901723434
"757","757",2018-09-17,770.700904798199
"758","758",2018-09-18,776.229061382888
"759","759",2018-09-19,782.885582591204
"760","760",2018-09-20,725.248247891625
"761","761",2018-09-21,722.219189869067
"762","762",2018-09-24,789.844590575408
"763","763",2018-09-25,748.897933603196
"764","764",2018-09-26,752.676832980968
"765","765",2018-09-27,739.734002941984
"766","766",2018-09-28,746.256742439825
"767","767",2018-10-01,746.256742439825
"768","768",2018-10-02,745.06535204252
"769","769",2018-10-03,741.760966312778
"770","770",2018-10-04,744.096768848054
"771","771",2018-10-05,747.036331272089
"772","772",2018-10-08,742.047414844316
"773","773",2018-10-09,739.215590749852
"774","774",2018-10-10,715.816298567752
"775","775",2018-10-11,714.253881920642
"776","776",2018-10-12,734.755240923603
"777","777",2018-10-15,726.616499775175
"778","778",2018-10-16,721.897695035685
"779","779",2018-10-17,722.716508088707
"780","780",2018-10-18,679.375036569063
"781","781",2018-10-19,651.960873662832
"782","782",2018-10-22,644.396920247755
"783","783",2018-10-23,624.199426597943
"784","784",2018-10-24,614.119201063759
"785","785",2018-10-25,610.134777773941
"786","786",2018-10-26,590.438559426357
"787","787",2018-10-29,580.343833969122
"788","788",2018-10-30,557.992615428429
"789","789",2018-10-31,551.137908813036
"790","790",2018-11-01,551.137908813036
"791","791",2018-11-02,549.046668325296
"792","792",2018-11-05,437.56836242735
"793","793",2018-11-06,418.402942822151
"794","794",2018-11-07,372.75167801165
"795","795",2018-11-08,349.643491133164
"796","796",2018-11-09,326.146973285785
"797","797",2018-11-12,327.327786692785
"798","798",2018-11-13,326.778861050501
"799","799",2018-11-14,332.714684200281
"800","800",2018-11-15,667.988340655423
"801","801",2018-11-16,610.35793753369
"802","802",2018-11-19,603.687533557203
"803","803",2018-11-20,707.111584251966
"804","804",2018-11-21,824.168452276449
"805","805",2018-11-22,818.391026973048
"806","806",2018-11-23,763.76191071452
"807","807",2018-11-26,778.646724788322
"808","808",2018-11-27,890.88768606153
"809","809",2018-11-28,876.623953811217
"810","810",2018-11-29,1062.19243906409
"811","811",2018-11-30,1054.57514330995
"812","812",2018-12-03,1051.52788796633
"813","813",2018-12-04,1045.70951519023
"814","814",2018-12-05,1039.71441509815
"815","815",2018-12-06,1033.29732464681
"816","816",2018-12-07,1028.62778046492
"817","817",2018-12-10,1043.53932455953
"818","818",2018-12-11,1045.4402713585
"819","819",2018-12-12,1036.34225605255
"820","820",2018-12-13,1041.41203363422
"821","821",2018-12-14,1040.79808540011
"822","822",2018-12-17,1023.5868585159
"823","823",2018-12-18,1133.69702675115
"824","824",2018-12-19,1120.18657805268
"825","825",2018-12-20,1159.5722551871
"826","826",2018-12-21,1185.1291667122
"827","827",2018-12-24,1183.73031670062
"828","828",2018-12-25,1244.40409088766
"829","829",2018-12-26,1251.16936602183
"830","830",2018-12-27,1150.49686838307
"831","831",2018-12-28,1164.41676457121
"832","832",2018-12-31,1237.41240481394
"833","833",2019-01-01,1237.41240481394
"834","834",2019-01-02,1163.04024650352
"835","835",2019-01-03,1177.96867467739
"836","836",2019-01-04,1182.76968228945
"837","837",2019-01-07,1168.77644505068
"838","838",2019-01-08,1064.44063070363
"839","839",2019-01-09,1068.81404981289
"840","840",2019-01-10,940.584507131686
"841","841",2019-01-11,1012.86756723945
"842","842",2019-01-14,1002.36292430148
"843","843",2019-01-15,996.925790699646
"844","844",2019-01-16,1007.9910911031
"845","845",2019-01-17,1001.93086894949
"846","846",2019-01-18,994.378423112741
"847","847",2019-01-21,946.252298406445
"848","848",2019-01-22,951.840874750677
"849","849",2019-01-23,951.728012190696
"850","850",2019-01-24,951.111757037825
"851","851",2019-01-25,925.371360543852
"852","852",2019-01-28,924.011169339133
"853","853",2019-01-29,836.296769884357
"854","854",2019-01-30,840.089417969642
"855","855",2019-01-31,813.260697041278
"856","856",2019-02-01,813.260697041278
"857","857",2019-02-04,813.163064952701
"858","858",2019-02-05,759.26495578935
"859","859",2019-02-06,744.086575807721
"860","860",2019-02-07,719.623719042887
"861","861",2019-02-08,690.97218011548
"862","862",2019-02-11,665.785809546303
"863","863",2019-02-12,631.215624536265
"864","864",2019-02-13,618.903790528246
"865","865",2019-02-14,593.880672112187
"866","866",2019-02-15,590.978623583256
"867","867",2019-02-18,591.580020240761
"868","868",2019-02-19,667.606163108415
"869","869",2019-02-20,676.807743925773
"870","870",2019-02-21,672.247553983369
"871","871",2019-02-22,563.15710032874
"872","872",2019-02-25,564.706903600871
"873","873",2019-02-26,577.687427404249
"874","874",2019-02-27,566.031724490187
"875","875",2019-02-28,571.865909321235
"876","876",2019-03-01,571.865909321235
"877","877",2019-03-04,569.509236442373
"878","878",2019-03-05,588.225816430983
"879","879",2019-03-06,606.142896229215
"880","880",2019-03-07,607.340926528417
"881","881",2019-03-08,612.25491031709
"882","882",2019-03-11,616.968947224528
"883","883",2019-03-12,578.918083304339
"884","884",2019-03-13,577.260243721904
"885","885",2019-03-14,568.717067066887
"886","886",2019-03-15,564.742963764904
"887","887",2019-03-18,564.90953223093
"888","888",2019-03-19,559.331485335844
"889","889",2019-03-20,556.077181465277
"890","890",2019-03-21,551.118823989067
"891","891",2019-03-22,553.448976491012
"892","892",2019-03-25,482.460882180515
"893","893",2019-03-26,486.649044553821
"894","894",2019-03-27,483.670302176736
"895","895",2019-03-28,485.447041074609
"896","896",2019-03-29,483.292488595013
"897","897",2019-04-01,483.292488595013
"898","898",2019-04-02,369.05170732674
"899","899",2019-04-03,530.857742097486
"900","900",2019-04-04,597.664705665721
"901","901",2019-04-05,686.606967698546
"902","902",2019-04-08,711.577668932657
"903","903",2019-04-09,708.026227797137
"904","904",2019-04-10,706.439110405068
"905","905",2019-04-11,701.86058763893
"906","906",2019-04-12,763.661982434244
"907","907",2019-04-15,766.796830307519
"908","908",2019-04-16,745.475630163374
"909","909",2019-04-17,740.308467882128
"910","910",2019-04-18,738.105530991735
"911","911",2019-04-19,737.97040351652
"912","912",2019-04-22,737.226418408097
"913","913",2019-04-23,731.895198521861
"914","914",2019-04-24,731.329620305777
"915","915",2019-04-25,748.818004722992
"916","916",2019-04-26,747.57581903961
"917","917",2019-04-29,778.510437745446
"918","918",2019-04-30,781.00361297966
"919","919",2019-05-01,781.00361297966
"920","920",2019-05-02,780.553666518155
"921","921",2019-05-03,777.944405250575
"922","922",2019-05-06,789.700064943439
"923","923",2019-05-07,782.125432548178
"924","924",2019-05-08,781.211170459185
"925","925",2019-05-09,779.519081365506
"926","926",2019-05-10,778.498717098362
"927","927",2019-05-13,785.004041744411
"928","928",2019-05-14,969.181019735306
"929","929",2019-05-15,878.9444147435
"930","930",2019-05-16,872.398341978433
"931","931",2019-05-17,835.746819128935
"932","932",2019-05-20,910.256404377951
"933","933",2019-05-21,942.544069111734
"934","934",2019-05-22,949.300825861552
"935","935",2019-05-23,948.531205729631
"936","936",2019-05-24,913.849489164247
"937","937",2019-05-27,917.292195077596
"938","938",2019-05-28,948.812494908769
"939","939",2019-05-29,949.886396753311
"940","940",2019-05-30,950.166914546034
"941","941",2019-05-31,955.006249458327
"942","942",2019-06-03,959.88189925691
"943","943",2019-06-04,962.331092207314
"944","944",2019-06-05,1053.28980525973
"945","945",2019-06-06,1045.96102284776
"946","946",2019-06-07,1055.85072948114
"947","947",2019-06-10,1038.91974485269
"948","948",2019-06-11,1041.31660976268
"949","949",2019-06-12,1044.2257062731
"950","950",2019-06-13,1046.93871121857
"951","951",2019-06-14,1046.34040010291
"952","952",2019-06-17,1039.79456432717
"953","953",2019-06-18,1069.14017975536
"954","954",2019-06-19,1078.48163591606
"955","955",2019-06-20,1080.05380570632
"956","956",2019-06-21,1083.97171036558
"957","957",2019-06-24,1087.73607189972
"958","958",2019-06-25,1017.4388837985
"959","959",2019-06-26,978.358962905404
"960","960",2019-06-27,1048.29242943147
"961","961",2019-06-28,1206.90572618698
"962","962",2019-07-01,1206.90572618698
"963","963",2019-07-02,1304.36991020344
"964","964",2019-07-03,1302.79467711986
"965","965",2019-07-04,1275.5069018174
"966","966",2019-07-05,1279.36483802949
"967","967",2019-07-08,1320.73876019869
"968","968",2019-07-09,1334.85899231715
"969","969",2019-07-10,1345.45587725753
"970","970",2019-07-11,1367.32089842993
"971","971",2019-07-12,1381.91610453023
"972","972",2019-07-15,1384.8532032268
"973","973",2019-07-16,1421.1121734889
"974","974",2019-07-17,1420.39706123429
"975","975",2019-07-18,1422.33050738527
"976","976",2019-07-19,1441.9270744435
"977","977",2019-07-22,1442.37662134118
"978","978",2019-07-23,1449.27469761544
"979","979",2019-07-24,1452.3976669574
"980","980",2019-07-25,1460.48339707637
"981","981",2019-07-26,1463.06609794957
"982","982",2019-07-29,1465.17265379983
"983","983",2019-07-30,1437.91797487279
"984","984",2019-07-31,1434.76192534105
"985","985",2019-08-01,1434.76192534105
"986","986",2019-08-02,1430.26607621499
"987","987",2019-08-05,1419.51170573215
"988","988",2019-08-06,1440.72072496591
"989","989",2019-08-07,1433.81970333129
"990","990",2019-08-08,1305.37118621169
"991","991",2019-08-09,1019.04231712127
"992","992",2019-08-12,934.958460685205
"993","993",2019-08-13,750.650590333195
"994","994",2019-08-14,777.93094474496
"995","995",2019-08-15,830.899159774954
"996","996",2019-08-16,829.033109385625
"997","997",2019-08-19,837.793903247434
"998","998",2019-08-20,785.041107480823
"999","999",2019-08-21,791.579993060174
"1000","1000",2019-08-22,804.665067801694
"1001","1001",2019-08-23,800.151561496531
"1002","1002",2019-08-26,808.876691985373
"1003","1003",2019-08-27,758.725744738367
"1004","1004",2019-08-28,648.441869128329
"1005","1005",2019-08-29,681.618081607819
"1006","1006",2019-08-30,623.994800008825
"1007","1007",2019-09-02,630.535865935851
"1008","1008",2019-09-03,664.320921826979
"1009","1009",2019-09-04,682.332980829768
"1010","1010",2019-09-05,669.828770125782
"1011","1011",2019-09-06,676.967729456668
"1012","1012",2019-09-09,683.087520841199
"1013","1013",2019-09-10,666.328442163482
"1014","1014",2019-09-11,675.332238522974
"1015","1015",2019-09-12,667.959804843502
"1016","1016",2019-09-13,669.829178431362
"1017","1017",2019-09-16,672.079143813743
"1018","1018",2019-09-17,562.547257292902
"1019","1019",2019-09-18,577.455911452033
"1020","1020",2019-09-19,564.214230906256
"1021","1021",2019-09-20,541.501145269868
"1022","1022",2019-09-23,541.277653837046
"1023","1023",2019-09-24,550.560680863914
"1024","1024",2019-09-25,746.880244528728
"1025","1025",2019-09-26,693.926195002539
"1026","1026",2019-09-27,696.667327723622
"1027","1027",2019-09-30,678.669817850175
"1028","1028",2019-10-01,678.669817850175
"1029","1029",2019-10-02,677.422389195191
"1030","1030",2019-10-03,652.916615562703
"1031","1031",2019-10-04,649.414355678743
"1032","1032",2019-10-07,643.273116763428
"1033","1033",2019-10-08,643.123030191803
"1034","1034",2019-10-09,642.050221782142
"1035","1035",2019-10-10,648.347156803331
"1036","1036",2019-10-11,645.969994033751
"1037","1037",2019-10-14,651.910606349851
"1038","1038",2019-10-15,617.717045171784
"1039","1039",2019-10-16,600.400641272414
"1040","1040",2019-10-17,602.853325073081
"1041","1041",2019-10-18,606.640272249627
"1042","1042",2019-10-21,606.27357494272
"1043","1043",2019-10-22,615.173612775872
"1044","1044",2019-10-23,610.306016563146
"1045","1045",2019-10-24,661.496571350755
"1046","1046",2019-10-25,653.747995013229
"1047","1047",2019-10-28,798.106283101297
"1048","1048",2019-10-29,827.943742588626
"1049","1049",2019-10-30,806.005749855598
"1050","1050",2019-10-31,801.677620654196
"1051","1051",2019-11-01,801.677620654196
"1052","1052",2019-11-04,803.174481976072
"1053","1053",2019-11-05,819.19974631657
"1054","1054",2019-11-06,659.846535073566
"1055","1055",2019-11-07,642.820643948238
"1056","1056",2019-11-08,637.009424082365
"1057","1057",2019-11-11,651.39342134803
"1058","1058",2019-11-12,645.476710458725
"1059","1059",2019-11-13,648.542735894385
"1060","1060",2019-11-14,651.628691859388
"1061","1061",2019-11-15,650.750381243969
"1062","1062",2019-11-18,654.730920155861
"1063","1063",2019-11-19,661.697443377155
"1064","1064",2019-11-20,663.034438743437
"1065","1065",2019-11-21,640.021887045518
"1066","1066",2019-11-22,669.942273781469
"1067","1067",2019-11-25,670.558523752071
"1068","1068",2019-11-26,671.773116974566
"1069","1069",2019-11-27,668.273590373891
"1070","1070",2019-11-28,688.535306400263
"1071","1071",2019-11-29,684.900139348708
"1072","1072",2019-12-02,685.100824397366
"1073","1073",2019-12-03,699.568003542467
"1074","1074",2019-12-04,697.539592063789
"1075","1075",2019-12-05,648.42968445454
"1076","1076",2019-12-06,650.523114874282
"1077","1077",2019-12-09,491.686076045857
"1078","1078",2019-12-10,420.840740313004
"1079","1079",2019-12-11,430.210378932969
"1080","1080",2019-12-12,440.71962865618
"1081","1081",2019-12-13,455.52121438579
"1082","1082",2019-12-16,463.69632873399
"1083","1083",2019-12-17,483.530728937801
"1084","1084",2019-12-18,483.743404467807
"1085","1085",2019-12-19,583.623846076227
"1086","1086",2019-12-20,576.520741563531
"1087","1087",2019-12-23,566.381454824367
"1088","1088",2019-12-24,571.385888162486
"1089","1089",2019-12-25,568.516086366384
"1090","1090",2019-12-26,566.876295878754
"1091","1091",2019-12-27,565.61786400481
"1092","1092",2019-12-30,562.621146804312
"1093","1093",2019-12-31,557.89109603212
"1094","1094",2020-01-01,557.89109603212
"1095","1095",2020-01-02,560.118246119121
"1096","1096",2020-01-03,532.013962321329
"1097","1097",2020-01-06,556.30516244171
"1098","1098",2020-01-07,566.721815929846
"1099","1099",2020-01-08,608.757135256167
"1100","1100",2020-01-09,584.966823261983
"1101","1101",2020-01-10,591.558933972096
"1102","1102",2020-01-13,602.980894678383
"1103","1103",2020-01-14,563.297540573735
"1104","1104",2020-01-15,615.328580873317
"1105","1105",2020-01-16,608.588717718891
"1106","1106",2020-01-17,608.08158271184
"1107","1107",2020-01-20,603.0507419052
"1108","1108",2020-01-21,604.417978304574
"1109","1109",2020-01-22,600.685277605268
"1110","1110",2020-01-23,599.843366164425
"1111","1111",2020-01-24,615.909444345093
"1112","1112",2020-01-27,614.853131762265
"1113","1113",2020-01-28,594.443741866913
"1114","1114",2020-01-29,564.080211160673
"1115","1115",2020-01-30,522.608598590585
"1116","1116",2020-01-31,524.497422556689
"1117","1117",2020-02-03,540.171013261691
"1118","1118",2020-02-04,540.271921966382
"1119","1119",2020-02-05,536.867403970591
"1120","1120",2020-02-06,561.61299069882
"1121","1121",2020-02-07,561.031652992661
"1122","1122",2020-02-10,559.621677485923
"1123","1123",2020-02-11,558.568034020153
"1124","1124",2020-02-12,559.296385877279
"1125","1125",2020-02-13,561.288310405798
"1126","1126",2020-02-14,540.467807168494
"1127","1127",2020-02-17,525.224084924497
"1128","1128",2020-02-18,605.018540924639
"1129","1129",2020-02-19,598.14781393296
"1130","1130",2020-02-20,589.428203526119
"1131","1131",2020-02-21,617.22284717601
"1132","1132",2020-02-24,605.501236849822
"1133","1133",2020-02-25,603.600682326833
"1134","1134",2020-02-26,572.178699089774
"1135","1135",2020-02-27,599.250417238063
"1136","1136",2020-02-28,587.205363784243
"1137","1137",2020-03-02,604.059043161778
"1138","1138",2020-03-03,614.843942628548
"1139","1139",2020-03-04,620.812471289725
"1140","1140",2020-03-05,622.127337245547
"1141","1141",2020-03-06,626.929361801442
"1142","1142",2020-03-09,628.579928506138
"1143","1143",2020-03-10,787.612081161368
"1144","1144",2020-03-11,801.699152966436
"1145","1145",2020-03-12,805.23914954213
"1146","1146",2020-03-13,1309.22057303847
"1147","1147",2020-03-16,1316.35192826237
"1148","1148",2020-03-17,1341.21373268648
"1149","1149",2020-03-18,1367.78012199423
"1150","1150",2020-03-19,1276.47289185311
"1151","1151",2020-03-20,1430.01946550183
"1152","1152",2020-03-23,1401.30178101277
"1153","1153",2020-03-24,1377.66316466174
"1154","1154",2020-03-25,1379.61116421019
"1155","1155",2020-03-26,1357.05328954459
"1156","1156",2020-03-27,1353.92397476158
"1157","1157",2020-03-30,1339.45860110567
"1158","1158",2020-03-31,1312.5063931856
"1159","1159",2020-04-01,1312.5063931856
"1160","1160",2020-04-02,1317.04620169823
"1161","1161",2020-04-03,1368.32013419086
"1162","1162",2020-04-06,1362.25935733643
"1163","1163",2020-04-07,1409.00093456378
"1164","1164",2020-04-08,1403.72539357226
"1165","1165",2020-04-09,1383.66652289207
"1166","1166",2020-04-10,1379.00802547631
"1167","1167",2020-04-13,1385.4789013364
"1168","1168",2020-04-14,1374.98350154468
"1169","1169",2020-04-15,1376.62976430382
"1170","1170",2020-04-16,1378.16356696207
"1171","1171",2020-04-17,1376.52969461635
"1172","1172",2020-04-20,1377.2838359675
"1173","1173",2020-04-21,1260.07583139189
"1174","1174",2020-04-22,1264.16835881774
"1175","1175",2020-04-23,1272.97520733432
"1176","1176",2020-04-24,854.959212105808
"1177","1177",2020-04-27,775.194998108452
"1178","1178",2020-04-28,722.891615886652
"1179","1179",2020-04-29,711.014153244118
"1180","1180",2020-04-30,792.945496106692
"1181","1181",2020-05-01,792.945496106692
"1182","1182",2020-05-04,796.317965417787
"1183","1183",2020-05-05,812.093920106019
"1184","1184",2020-05-06,793.05103667165
"1185","1185",2020-05-07,798.553111279268
"1186","1186",2020-05-08,830.9053502104
"1187","1187",2020-05-11,836.960560324243
"1188","1188",2020-05-12,1018.24226533058
"1189","1189",2020-05-13,1019.39309791278
"1190","1190",2020-05-14,1001.98509211117
"1191","1191",2020-05-15,961.11342249515
"1192","1192",2020-05-18,983.206342146147
"1193","1193",2020-05-19,951.605234272805
"1194","1194",2020-05-20,958.309398884329
"1195","1195",2020-05-21,964.820095475964
"1196","1196",2020-05-22,996.406691606108
"1197","1197",2020-05-25,968.908219684108
"1198","1198",2020-05-26,978.634577104898
"1199","1199",2020-05-27,989.566714737989
"1200","1200",2020-05-28,993.7665240682
"1201","1201",2020-05-29,996.949789414135
"1202","1202",2020-06-01,996.949789414135
"1203","1203",2020-06-02,968.087867639932
"1204","1204",2020-06-03,976.438932782094
"1205","1205",2020-06-04,978.474059513332
"1206","1206",2020-06-05,918.96346107292
"1207","1207",2020-06-08,918.111103430721
"1208","1208",2020-06-09,916.264676963664
"1209","1209",2020-06-10,914.679948604329
"1210","1210",2020-06-11,783.221802548199
"1211","1211",2020-06-12,834.434320300408
"1212","1212",2020-06-15,836.298256474693
"1213","1213",2020-06-16,836.138665264251
"1214","1214",2020-06-17,835.411749072349
"1215","1215",2020-06-18,830.931953722928
"1216","1216",2020-06-19,793.080750208845
"1217","1217",2020-06-22,792.094491970049
"1218","1218",2020-06-23,579.919294335995
"1219","1219",2020-06-24,582.561178040872
"1220","1220",2020-06-25,591.077450794734
"1221","1221",2020-06-26,560.450875968105
"1222","1222",2020-06-29,544.806057902329
"1223","1223",2020-06-30,507.489363302741
"1224","1224",2020-07-01,507.489363302741
"1225","1225",2020-07-02,510.943919957846
"1226","1226",2020-07-03,474.947211517983
"1227","1227",2020-07-06,471.68780258998
"1228","1228",2020-07-07,480.945809012999
"1229","1229",2020-07-08,477.966779040043
"1230","1230",2020-07-09,469.837567978638
"1231","1231",2020-07-10,468.990587454869
"1232","1232",2020-07-13,472.693662098697
"1233","1233",2020-07-14,455.726053317201
"1234","1234",2020-07-15,460.489919043732
"1235","1235",2020-07-16,467.079229550183
"1236","1236",2020-07-17,430.207890664199
"1237","1237",2020-07-20,428.087075268523
"1238","1238",2020-07-21,425.538403898784
"1239","1239",2020-07-22,437.929950911009
"1240","1240",2020-07-23,440.258063371257
"1241","1241",2020-07-24,363.056149650163
"1242","1242",2020-07-27,355.973933768109
"1243","1243",2020-07-28,572.707311727064
"1244","1244",2020-07-29,573.896169629444
"1245","1245",2020-07-30,568.007834177623
"1246","1246",2020-07-31,570.888218898774
"1247","1247",2020-08-03,569.493610962403
"1248","1248",2020-08-04,584.414774501586
"1249","1249",2020-08-05,596.666357342451
"1250","1250",2020-08-06,578.116200140398
"1251","1251",2020-08-07,575.835847302887
"1252","1252",2020-08-10,605.899267400578
"1253","1253",2020-08-11,608.801166944099
"1254","1254",2020-08-12,641.316670156282
"1255","1255",2020-08-13,643.049261101319
"1256","1256",2020-08-14,633.520334331498
"1257","1257",2020-08-17,645.235374083601
"1258","1258",2020-08-18,650.336805318376
"1259","1259",2020-08-19,667.713859103952
"1260","1260",2020-08-20,687.836211451804
"1261","1261",2020-08-21,676.233131530199
"1262","1262",2020-08-24,684.740788735462
"1263","1263",2020-08-25,683.407661522516
"1264","1264",2020-08-26,709.345948570758
"1265","1265",2020-08-27,706.552384704406
"1266","1266",2020-08-28,712.468685564029
"1267","1267",2020-08-31,713.954341165897
"1268","1268",2020-09-01,713.954341165897
"1269","1269",2020-09-02,714.944383674476
"1270","1270",2020-09-03,759.968653921505
"1271","1271",2020-09-04,796.830862025443
"1272","1272",2020-09-07,800.272559449331
"1273","1273",2020-09-08,708.844559616455
"1274","1274",2020-09-09,704.608570020993
"1275","1275",2020-09-10,708.215970291802
"1276","1276",2020-09-11,706.033720612986
"1277","1277",2020-09-14,695.001676886852
"1278","1278",2020-09-15,695.142335461091
"1279","1279",2020-09-16,688.802827752958
"1280","1280",2020-09-17,679.628889778628
"1281","1281",2020-09-18,677.096972741813
"1282","1282",2020-09-21,664.948924254524
"1283","1283",2020-09-22,676.240789270484
"1284","1284",2020-09-23,663.360326271276
"1285","1285",2020-09-24,661.792096393564
"1286","1286",2020-09-25,679.150049657467
"1287","1287",2020-09-28,664.35697520989
"1288","1288",2020-09-29,651.775293937695
"1289","1289",2020-09-30,645.797983849286
"1290","1290",2020-10-01,645.797983849286
"1291","1291",2020-10-02,639.405120968254
"1292","1292",2020-10-05,636.375097701388
"1293","1293",2020-10-06,641.075341080387
"1294","1294",2020-10-07,627.28233589528
"1295","1295",2020-10-08,624.051490739794
"1296","1296",2020-10-09,627.24161760282
"1297","1297",2020-10-12,624.002678983497
"1298","1298",2020-10-13,636.539978701961
"1299","1299",2020-10-14,627.640974333813
"1300","1300",2020-10-15,595.334544266867
"1301","1301",2020-10-16,556.410684645178
"1302","1302",2020-10-19,567.359677746393
"1303","1303",2020-10-20,481.644936534824
"1304","1304",2020-10-21,472.649962188546
"1305","1305",2020-10-22,514.306194019902
"1306","1306",2020-10-23,524.949641513532
"1307","1307",2020-10-26,532.955445279242
"1308","1308",2020-10-27,529.739773155297
"1309","1309",2020-10-28,553.821131164197
"1310","1310",2020-10-29,585.453123206463
"1311","1311",2020-10-30,589.911283064159
"1312","1312",2020-11-02,588.814885555747
"1313","1313",2020-11-03,540.902834172065
"1314","1314",2020-11-04,539.87461440172
"1315","1315",2020-11-05,527.625976723144
"1316","1316",2020-11-06,556.254743382142
"1317","1317",2020-11-09,563.256699411437
"1318","1318",2020-11-10,566.055475711308
"1319","1319",2020-11-11,560.052261245062
"1320","1320",2020-11-12,560.398312600671
"1321","1321",2020-11-13,556.220545459204
"1322","1322",2020-11-16,546.2295208091
"1323","1323",2020-11-17,547.447899860368
"1324","1324",2020-11-18,546.751700175704
"1325","1325",2020-11-19,553.779680043836
"1326","1326",2020-11-20,552.463271058959
"1327","1327",2020-11-23,560.267072548286
"1328","1328",2020-11-24,553.81887421125
"1329","1329",2020-11-25,553.057633171908
"1330","1330",2020-11-26,566.755818460695
"1331","1331",2020-11-27,721.721019939217
"1332","1332",2020-11-30,712.480792591401
"1333","1333",2020-12-01,712.480792591401
"1334","1334",2020-12-02,705.771719685815
"1335","1335",2020-12-03,677.125138014027
"1336","1336",2020-12-04,668.414002159749
"1337","1337",2020-12-07,672.869536185382
"1338","1338",2020-12-08,668.116118086825
"1339","1339",2020-12-09,668.879471305588
"1340","1340",2020-12-10,648.292366848416
"1341","1341",2020-12-11,648.5130226516
"1342","1342",2020-12-14,656.846559571355
"1343","1343",2020-12-15,673.673023833056
"1344","1344",2020-12-16,671.537078091138
"1345","1345",2020-12-17,687.922478608145
"1346","1346",2020-12-18,698.964896113706
"1347","1347",2020-12-21,696.520862025619
"1348","1348",2020-12-22,698.482854781525
"1349","1349",2020-12-23,695.993835994901
"1350","1350",2020-12-24,703.150853007757
"1351","1351",2020-12-25,702.965934543449
"1352","1352",2020-12-28,708.908947026923
"1353","1353",2020-12-29,758.923603055687
"1354","1354",2020-12-30,750.798914051278
"1355","1355",2020-12-31,758.426628872899
"1356","1356",2021-01-01,758.426628872899
"1357","1357",2021-01-04,754.281837133846
"1358","1358",2021-01-05,809.209016589663
"1359","1359",2021-01-06,828.901431188302
"1360","1360",2021-01-07,835.182845219906
"1361","1361",2021-01-08,741.859500943789
"1362","1362",2021-01-11,752.123663429361
"1363","1363",2021-01-12,833.527168176587
"1364","1364",2021-01-13,825.162987520061
"1365","1365",2021-01-14,831.357826350862
"1366","1366",2021-01-15,851.802551578104
"1367","1367",2021-01-18,907.836303005777
"1368","1368",2021-01-19,906.388388980588
"1369","1369",2021-01-20,892.632440317236
"1370","1370",2021-01-21,905.238206113558
"1371","1371",2021-01-22,976.371304040729
"1372","1372",2021-01-25,970.802703171924
"1373","1373",2021-01-26,962.170926665129
"1374","1374",2021-01-27,976.698442157882
"1375","1375",2021-01-28,971.71151949293
"1376","1376",2021-01-29,951.49166244859
"1377","1377",2021-02-01,951.49166244859
"1378","1378",2021-02-02,950.212499937055
"1379","1379",2021-02-03,965.192526097335
"1380","1380",2021-02-04,961.003293657874
"1381","1381",2021-02-05,959.807310909919
"1382","1382",2021-02-08,957.576599225533
"1383","1383",2021-02-09,978.107714331307
"1384","1384",2021-02-10,984.289782857326
"1385","1385",2021-02-11,994.038215414514
"1386","1386",2021-02-12,999.223470606535
"1387","1387",2021-02-15,998.668990273061
"1388","1388",2021-02-16,967.255925788572
"1389","1389",2021-02-17,957.556572006744
"1390","1390",2021-02-18,962.045933327824
"1391","1391",2021-02-19,938.539996242175
"1392","1392",2021-02-22,945.628392494291
"1393","1393",2021-02-23,806.966133382581
"1394","1394",2021-02-24,925.650662581162
"1395","1395",2021-02-25,916.071649153102
"1396","1396",2021-02-26,891.126716493502
"1397","1397",2021-03-01,891.126716493502
"1398","1398",2021-03-02,892.932436545487
"1399","1399",2021-03-03,894.145379371984
"1400","1400",2021-03-04,896.206073294588
"1401","1401",2021-03-05,849.73282256399
"1402","1402",2021-03-08,837.567552455981
"1403","1403",2021-03-09,844.559867604717
"1404","1404",2021-03-10,835.119405702514
"1405","1405",2021-03-11,826.397002243543
"1406","1406",2021-03-12,822.697767545711
"1407","1407",2021-03-15,825.238457154047
"1408","1408",2021-03-16,824.504465079545
"1409","1409",2021-03-17,814.768969073496
"1410","1410",2021-03-18,812.138044721675
"1411","1411",2021-03-19,816.662321611766
"1412","1412",2021-03-22,819.483083182015
"1413","1413",2021-03-23,788.105149819287
"1414","1414",2021-03-24,772.794832347039
"1415","1415",2021-03-25,762.401555619061
"1416","1416",2021-03-26,756.823999744072
"1417","1417",2021-03-29,757.186981047538
"1418","1418",2021-03-30,770.09101956753
"1419","1419",2021-03-31,768.493759869355
"1420","1420",2021-04-01,768.493759869355
"1421","1421",2021-04-02,774.993726608189
"1422","1422",2021-04-05,763.199162405765
"1423","1423",2021-04-06,749.750881280756
"1424","1424",2021-04-07,631.049767950803
"1425","1425",2021-04-08,641.660623310943
"1426","1426",2021-04-09,638.096030627206
"1427","1427",2021-04-12,592.89802042428
"1428","1428",2021-04-13,589.917369876916
"1429","1429",2021-04-14,594.247798908285
"1430","1430",2021-04-15,575.34212969734
"1431","1431",2021-04-16,556.243364627044
"1432","1432",2021-04-19,560.881761096568
"1433","1433",2021-04-20,631.63081822539
"1434","1434",2021-04-21,629.10067640645
"1435","1435",2021-04-22,634.430926884855
"1436","1436",2021-04-23,648.141996795396
"1437","1437",2021-04-26,667.644152686115
"1438","1438",2021-04-27,697.029951957142
"1439","1439",2021-04-28,703.421206558768
"1440","1440",2021-04-29,699.099833126356
"1441","1441",2021-04-30,706.445597316644
"1442","1442",2021-05-03,729.033219032725
"1443","1443",2021-05-04,714.628804096267
"1444","1444",2021-05-05,718.176768223088
"1445","1445",2021-05-06,722.47971838377
"1446","1446",2021-05-07,707.532016258927
"1447","1447",2021-05-10,702.691608895005
"1448","1448",2021-05-11,681.053587622377
"1449","1449",2021-05-12,679.80901694376
"1450","1450",2021-05-13,686.040570478034
"1451","1451",2021-05-14,769.755815243289
"1452","1452",2021-05-17,798.723977525109
"1453","1453",2021-05-18,914.292342025503
"1454","1454",2021-05-19,923.551536105242
"1455","1455",2021-05-20,1108.87688028626
"1456","1456",2021-05-21,1090.76898833538
"1457","1457",2021-05-24,1192.92111062022
"1458","1458",2021-05-25,1211.33383976511
"1459","1459",2021-05-26,1180.05241644306
"1460","1460",2021-05-27,1199.89741875119
"1461","1461",2021-05-28,1177.66809309423
"1462","1462",2021-05-31,1204.4658520925
"1463","1463",2021-06-01,1204.4658520925
"1464","1464",2021-06-02,1196.3947907941
"1465","1465",2021-06-03,1232.56215826826
"1466","1466",2021-06-04,1227.23603289948
"1467","1467",2021-06-07,1222.79107375859
"1468","1468",2021-06-08,1196.80374669545
"1469","1469",2021-06-09,1219.00737882547
"1470","1470",2021-06-10,1242.61101012068
"1471","1471",2021-06-11,1236.40686490351
"1472","1472",2021-06-14,1202.25190948737
"1473","1473",2021-06-15,1210.83599786735
"1474","1474",2021-06-16,1210.58870611036
"1475","1475",2021-06-17,1192.44316219081
"1476","1476",2021-06-18,1192.85363122336
"1477","1477",2021-06-21,1202.41535495222
"1478","1478",2021-06-22,1238.3321701287
"1479","1479",2021-06-23,1226.14116577948
"1480","1480",2021-06-24,1239.48123166346
"1481","1481",2021-06-25,1234.08559892204
"1482","1482",2021-06-28,1215.14139562864
"1483","1483",2021-06-29,1199.24803807746
"1484","1484",2021-06-30,1230.06995791063
"1485","1485",2021-07-01,1230.06995791063
"1486","1486",2021-07-02,1238.43996015341
"1487","1487",2021-07-05,1115.55838291693
"1488","1488",2021-07-06,1064.12292267318
"1489","1489",2021-07-07,1052.68259741107
"1490","1490",2021-07-08,1032.54729737164
"1491","1491",2021-07-09,1067.96143862611
"1492","1492",2021-07-12,1020.43373034475
"1493","1493",2021-07-13,1013.62290681532
"1494","1494",2021-07-14,1022.188796541
"1495","1495",2021-07-15,976.173869221803
"1496","1496",2021-07-16,981.090671353777
"1497","1497",2021-07-19,972.896570121373
"1498","1498",2021-07-20,986.819945671922
"1499","1499",2021-07-21,942.996518090172
"1500","1500",2021-07-22,949.321409877366
"1501","1501",2021-07-23,967.690271787334
"1502","1502",2021-07-26,969.066688128159
"1503","1503",2021-07-27,1227.73733907419
"1504","1504",2021-07-28,1237.64425773624
"1505","1505",2021-07-29,1245.05066740306
"1506","1506",2021-07-30,1233.95095892163
"1507","1507",2021-08-02,1197.33750777658
"1508","1508",2021-08-03,1126.29469174115
"1509","1509",2021-08-04,1130.59951953927
"1510","1510",2021-08-05,1149.48425056634
"1511","1511",2021-08-06,1125.33843612155
"1512","1512",2021-08-09,1089.81813618144
"1513","1513",2021-08-10,1077.33796550308
"1514","1514",2021-08-11,1067.02905008617
"1515","1515",2021-08-12,1056.58225968357
"1516","1516",2021-08-13,1057.37136328326
"1517","1517",2021-08-16,1066.48170988441
"1518","1518",2021-08-17,1061.31394728368
"1519","1519",2021-08-18,1068.65327539065
"1520","1520",2021-08-19,1072.18626096017
"1521","1521",2021-08-20,1039.67641898346
"1522","1522",2021-08-23,1043.28056152385
"1523","1523",2021-08-24,1026.22424851196
"1524","1524",2021-08-25,1027.53797573496
"1525","1525",2021-08-26,1026.82620055831
"1526","1526",2021-08-27,1031.45372889538
"1527","1527",2021-08-30,1032.99740316388
"1528","1528",2021-08-31,1001.56057763815
"1529","1529",2021-09-01,1001.56057763815
"1530","1530",2021-09-02,984.083208562103
"1531","1531",2021-09-03,982.440414234221
"1532","1532",2021-09-06,978.019530561799
"1533","1533",2021-09-07,688.545568235392
"1534","1534",2021-09-08,871.513425692773
"1535","1535",2021-09-09,853.157403319553
"1536","1536",2021-09-10,851.340456170699
"1537","1537",2021-09-13,865.406293253761
"1538","1538",2021-09-14,870.340862519719
"1539","1539",2021-09-15,860.303913291032
"1540","1540",2021-09-16,851.556457948803
"1541","1541",2021-09-17,853.36732000713
"1542","1542",2021-09-20,842.649872476777
"1543","1543",2021-09-21,881.734166056294
"1544","1544",2021-09-22,902.320817624673
"1545","1545",2021-09-23,898.190756783132
"1546","1546",2021-09-24,883.381246361094
"1547","1547",2021-09-27,886.23384116033
"1548","1548",2021-09-28,883.71990437512
"1549","1549",2021-09-29,892.320053399588
"1550","1550",2021-09-30,888.881119380661
"1551","1551",2021-10-01,888.881119380661
"1552","1552",2021-10-04,949.533575611936
"1553","1553",2021-10-05,951.360139301283
"1554","1554",2021-10-06,950.941035200467
"1555","1555",2021-10-07,965.330113271382
"1556","1556",2021-10-08,952.992758485058
"1557","1557",2021-10-11,943.481037570316
"1558","1558",2021-10-12,943.94233527067
"1559","1559",2021-10-13,945.253749582991
"1560","1560",2021-10-14,940.194438683044
"1561","1561",2021-10-15,941.209570977221
"1562","1562",2021-10-18,947.009784080296
"1563","1563",2021-10-19,964.549194465912
"1564","1564",2021-10-20,836.186546921163
"1565","1565",2021-10-21,854.238918112655
"1566","1566",2021-10-22,870.334155531439
"1567","1567",2021-10-25,864.852873026178
"1568","1568",2021-10-26,857.69450875881
"1569","1569",2021-10-27,850.991964259387
"1570","1570",2021-10-28,863.376253577409
"1571","1571",2021-10-29,873.580871588261
"1572","1572",2021-11-01,873.580871588261
"1573","1573",2021-11-02,810.957292489389
"1574","1574",2021-11-03,783.036626885654
"1575","1575",2021-11-04,769.280737988005
"1576","1576",2021-11-05,771.745489503992
"1577","1577",2021-11-08,722.843677227952
"1578","1578",2021-11-09,743.709964007497
"1579","1579",2021-11-10,711.473294815729
"1580","1580",2021-11-11,722.916871541903
"1581","1581",2021-11-12,708.885542584098
"1582","1582",2021-11-15,638.241584217429
"1583","1583",2021-11-16,631.505711627521
"1584","1584",2021-11-17,689.728156891752
"1585","1585",2021-11-18,669.876837725949
"1586","1586",2021-11-19,691.756252730416
"1587","1587",2021-11-22,695.972363133963
"1588","1588",2021-11-23,710.040595412704
"1589","1589",2021-11-24,725.511486946288
"1590","1590",2021-11-25,728.846277080466
"1591","1591",2021-11-26,736.042339919247
"1592","1592",2021-11-29,777.603357970559
"1593","1593",2021-11-30,792.561543205971
"1594","1594",2021-12-01,792.561543205971
"1595","1595",2021-12-02,768.454921579082
"1596","1596",2021-12-03,755.908685417184
"1597","1597",2021-12-06,798.474441227143
"1598","1598",2021-12-07,825.14590761228
"1599","1599",2021-12-08,833.607464894488
"1600","1600",2021-12-09,811.230219523872
"1601","1601",2021-12-10,819.92764348679
"1602","1602",2021-12-13,810.333350375359
"1603","1603",2021-12-14,834.828453672567
"1604","1604",2021-12-15,828.518916844902
"1605","1605",2021-12-16,848.778534324446
"1606","1606",2021-12-17,846.764766231495
"1607","1607",2021-12-20,854.067467249778
"1608","1608",2021-12-21,810.061402590472
"1609","1609",2021-12-22,817.637887734383
"1610","1610",2021-12-23,816.585179100112
"1611","1611",2021-12-24,833.308591542051
"1612","1612",2021-12-27,832.375021993875
"1613","1613",2021-12-28,833.041706937228
"1614","1614",2021-12-29,829.316271178116
"1615","1615",2021-12-30,827.104486341062
"1616","1616",2021-12-31,815.006490404466
"1617","1617",2022-01-03,811.480857134609
"1618","1618",2022-01-04,803.969006082361
"1619","1619",2022-01-05,784.34639932119
"1620","1620",2022-01-06,797.227248003341
"1621","1621",2022-01-07,783.245806493877
"1622","1622",2022-01-10,757.330318895756
"1623","1623",2022-01-11,724.035520226816
"1624","1624",2022-01-12,729.940487580032
"1625","1625",2022-01-13,743.819363766717
"1626","1626",2022-01-14,743.2449896271
"1627","1627",2022-01-17,715.626238131502
"1628","1628",2022-01-18,684.815931587652
"1629","1629",2022-01-19,675.087391992133
"1630","1630",2022-01-20,671.64635928415
"1631","1631",2022-01-21,654.813819494701
"1632","1632",2022-01-24,746.691266912499
"1633","1633",2022-01-25,756.39231106655
"1634","1634",2022-01-26,755.910380816925
"1635","1635",2022-01-27,748.516519445721
"1636","1636",2022-01-28,762.979589833157
"1637","1637",2022-01-31,791.35616764972
"1638","1638",2022-02-01,791.35616764972
"1639","1639",2022-02-02,787.443930701945
"1640","1640",2022-02-03,786.834161476213
"1641","1641",2022-02-04,779.640080608419
"1642","1642",2022-02-07,856.770786657468
"1643","1643",2022-02-08,924.364555116753
"1644","1644",2022-02-09,906.643888534168
"1645","1645",2022-02-10,914.329096462541
"1646","1646",2022-02-11,921.778334141761
"1647","1647",2022-02-14,936.8030832663
"1648","1648",2022-02-15,937.701042454974
"1649","1649",2022-02-16,965.030200104099
"1650","1650",2022-02-17,943.564992876715
"1651","1651",2022-02-18,982.982635686942
"1652","1652",2022-02-21,976.360864718643
"1653","1653",2022-02-22,988.629790801428
"1654","1654",2022-02-23,974.619887913378
"1655","1655",2022-02-24,960.237295837796
"1656","1656",2022-02-25,958.634857974928
"1657","1657",2022-02-28,963.897909199581
"1658","1658",2022-03-01,963.897909199581
"1659","1659",2022-03-02,980.878607655139
"1660","1660",2022-03-03,980.253785238334
"1661","1661",2022-03-04,989.395808241309
"1662","1662",2022-03-07,897.983637055211
"1663","1663",2022-03-08,893.425440783503
"1664","1664",2022-03-09,896.205350370113
"1665","1665",2022-03-10,931.965460724859
"1666","1666",2022-03-11,923.172966045548
"1667","1667",2022-03-14,906.629440655539
"1668","1668",2022-03-15,896.582083806485
"1669","1669",2022-03-16,903.317434829902
"1670","1670",2022-03-17,905.986439534606
"1671","1671",2022-03-18,894.573250636769
"1672","1672",2022-03-21,805.551142667395
"1673","1673",2022-03-22,745.566208460187
"1674","1674",2022-03-23,749.19457751597
"1675","1675",2022-03-24,742.103056537948
"1676","1676",2022-03-25,749.207093869181
"1677","1677",2022-03-28,724.192270010202
"1678","1678",2022-03-29,774.354877996752
"1679","1679",2022-03-30,756.139468386625
"1680","1680",2022-03-31,761.206106553881
"1681","1681",2022-04-01,761.206106553881
"1682","1682",2022-04-04,761.527613283184
"1683","1683",2022-04-05,740.651033082359
"1684","1684",2022-04-06,737.975223700102
"1685","1685",2022-04-07,773.084293479764
"1686","1686",2022-04-08,774.893789183313
"1687","1687",2022-04-11,776.798578085023
"1688","1688",2022-04-12,795.0316790675
"1689","1689",2022-04-13,782.465678544449
"1690","1690",2022-04-14,800.934932125638
"1691","1691",2022-04-15,804.143317644117
"1692","1692",2022-04-18,773.333159048417
"1693","1693",2022-04-19,747.626027522123
"1694","1694",2022-04-20,744.43628569265
"1695","1695",2022-04-21,695.656895848915
"1696","1696",2022-04-22,669.044350240763
"1697","1697",2022-04-25,665.64751506556
"1698","1698",2022-04-26,664.725540938832
"1699","1699",2022-04-27,690.297077558843
"1700","1700",2022-04-28,683.092352118724
"1701","1701",2022-04-29,692.367112154493
"1702","1702",2022-05-02,695.882730644095
"1703","1703",2022-05-03,691.49481355342
"1704","1704",2022-05-04,690.28777432104
"1705","1705",2022-05-05,734.416067856091
"1706","1706",2022-05-06,784.413409492307
"1707","1707",2022-05-09,783.726939428779
"1708","1708",2022-05-10,959.351500807665
"1709","1709",2022-05-11,959.331667406091
"1710","1710",2022-05-12,1039.37500275248
"1711","1711",2022-05-13,1035.13809120861
"1712","1712",2022-05-16,1063.8208662891
"1713","1713",2022-05-17,1057.73686820569
"1714","1714",2022-05-18,1063.46345820196
"1715","1715",2022-05-19,1047.98277845602
"1716","1716",2022-05-20,1052.87564979504
"1717","1717",2022-05-23,1049.73458784314
"1718","1718",2022-05-24,1017.24872490785
"1719","1719",2022-05-25,1017.23672178243
"1720","1720",2022-05-26,994.209263440391
"1721","1721",2022-05-27,994.808790660829
"1722","1722",2022-05-30,991.431089801259
"1723","1723",2022-05-31,1040.61336722091
"1724","1724",2022-06-01,1040.61336722091
"1725","1725",2022-06-02,1048.8520657426
"1726","1726",2022-06-03,1049.11077984518
"1727","1727",2022-06-06,1046.33620648227
"1728","1728",2022-06-07,1080.05714183614
"1729","1729",2022-06-08,1063.17299241035
"1730","1730",2022-06-09,1059.51782722517
"1731","1731",2022-06-10,1046.08329180786
"1732","1732",2022-06-13,1049.52976167949
"1733","1733",2022-06-14,1426.76386854013
"1734","1734",2022-06-15,1404.75010543634
"1735","1735",2022-06-16,1346.99787863124
"1736","1736",2022-06-17,1321.35153671904
"1737","1737",2022-06-20,1321.93016012903
"1738","1738",2022-06-21,1153.29475778446
"1739","1739",2022-06-22,1169.0914364854
"1740","1740",2022-06-23,1104.04696617847
